Company,Email,Industry,Email Valid,Domain,LinkedIn,Is Free Email,Lead Score,Priority
RetailHub 24,contact@retailhub.net,Retail,True,retailhub.net,https://www.linkedin.com/company/retailhub-24,False,70,Medium 🔷
DataWave 7,contact@datawave.io,Analytics,True,datawave.io,https://www.linkedin.com/company/datawave-7,False,70,Medium 🔷
DataWave 41,info@datawave.io,Analytics,True,datawave.io,https://www.linkedin.com/company/datawave-41,False,70,Medium 🔷
TechNova AI 11,info@technovaai.com,Artificial Intelligence,True,technovaai.com,https://www.linkedin.com/company/technova-ai-11,False,70,Medium 🔷
TechNova AI 44,contact@technovaai.com,Artificial Intelligence,True,technovaai.com,https://www.linkedin.com/company/technova-ai-44,False,70,Medium 🔷
EduSmart 38,contact@edusmart.org,EdTech,True,edusmart.org,https://www.linkedin.com/company/edusmart-38,False,60,Medium 🔷
SaaSMaster 20,contact@saasmaster.io,SaaS,True,saasmaster.io,https://www.linkedin.com/company/saasmaster-20,False,60,Medium 🔷
SaaSMaster 39,info@saasmaster.io,SaaS,True,saasmaster.io,https://www.linkedin.com/company/saasmaster-39,False,60,Medium 🔷
FinSolve 22,contact@finsolve.io,FinTech,True,finsolve.io,https://www.linkedin.com/company/finsolve-22,False,60,Medium 🔷
EduSmart 43,info@edusmart.org,EdTech,True,edusmart.org,https://www.linkedin.com/company/edusmart-43,False,60,Medium 🔷
FinSolve 49,info@finsolve.io,FinTech,True,finsolve.io,https://www.linkedin.com/company/finsolve-49,False,60,Medium 🔷
ShopQuick 2,contact@shopquick.com,E-commerce,True,shopquick.com,https://www.linkedin.com/company/shopquick-2,False,45,Low ⚪
GreenFarm Ltd 8,contact@greenfarm.com,Agriculture,True,greenfarm.com,https://www.linkedin.com/company/greenfarm-ltd-8,False,45,Low ⚪
HealthPlus 15,contact@healthplus.org,Healthcare,True,healthplus.org,https://www.linkedin.com/company/healthplus-15,False,45,Low ⚪
BuildMax 15,contact@buildmax.com,Construction,True,buildmax.com,https://www.linkedin.com/company/buildmax-15,False,45,Low ⚪
BuildMax 13,info@buildmax.com,Construction,True,buildmax.com,https://www.linkedin.com/company/buildmax-13,False,45,Low ⚪
HealthPlus 6,info@healthplus.org,Healthcare,True,healthplus.org,https://www.linkedin.com/company/healthplus-6,False,45,Low ⚪
ShopQuick 50,info@shopquick.com,E-commerce,True,shopquick.com,https://www.linkedin.com/company/shopquick-50,False,45,Low ⚪
GreenFarm Ltd 25,info@greenfarm.com,Agriculture,True,greenfarm.com,https://www.linkedin.com/company/greenfarm-ltd-25,False,45,Low ⚪
