Company,Email,Industry
FinSolve 44,contact@finsolve.io,FinTech
DataWave 33,info@datawave.io,Analytics
FinSolve 34,contact@finsolve.io,FinTech
TechNova AI 12,info@technovaai.com,Artificial Intelligence
EduSmart 38,contact@edusmart.org,EdTech
GreenFarm Ltd 25,info@greenfarm.com,Agriculture
EduSmart 38,contact@edusmart.org,EdTech
SaaSMaster 20,contact@saasmaster.io,SaaS
ShopQuick 15,contact@shopquick.com,E-commerce
HealthPlus 16,contact@healthplus.org,Healthcare
TechNova AI 45,contact@technovaai.com,Artificial Intelligence
EduSmart 7,contact@edusmart.org,EdTech
DataWave 34,info@datawave.io,Analytics
DataWave 7,contact@datawave.io,Analytics
SaaSMaster 39,info@saasmaster.io,SaaS
GreenFarm Ltd 37,contact@greenfarm.com,Agriculture
HealthPlus 38,info@healthplus.org,Healthcare
EduSmart 41,contact@edusmart.org,EdTech
BuildMax 35,contact@buildmax.com,Construction
ShopQuick 13,contact@shopquick.com,E-commerce
EduSmart 12,contact@edusmart.org,EdTech
SaaSMaster 45,contact@saasmaster.io,SaaS
FinSolve 49,info@finsolve.io,FinTech
ShopQuick 24,contact@shopquick.com,E-commerce
GreenFarm Ltd 8,contact@greenfarm.com,Agriculture
SaaSMaster 29,contact@saasmaster.io,SaaS
TechNova AI 6,contact@technovaai.com,Artificial Intelligence
HealthPlus 15,contact@healthplus.org,Healthcare
DataWave 20,contact@datawave.io,Analytics
DataWave 41,info@datawave.io,Analytics
BuildMax 15,contact@buildmax.com,Construction
DataWave 8,contact@datawave.io,Analytics
EduSmart 39,contact@edusmart.org,EdTech
EduSmart 31,contact@edusmart.org,EdTech
RetailHub 24,contact@retailhub.net,Retail
SaaSMaster 24,contact@saasmaster.io,SaaS
SaaSMaster 38,contact@saasmaster.io,SaaS
GreenFarm Ltd 6,contact@greenfarm.com,Agriculture
DataWave 30,info@datawave.io,Analytics
RetailHub 24,contact@retailhub.net,Retail
DataWave 14,contact@datawave.io,Analytics
BuildMax 13,info@buildmax.com,Construction
ShopQuick 2,contact@shopquick.com,E-commerce
ShopQuick 44,contact@shopquick.com,E-commerce
DataWave 8,info@datawave.io,Analytics
TechNova AI 30,contact@technovaai.com,Artificial Intelligence
HealthPlus 5,contact@healthplus.org,Healthcare
EduSmart 20,contact@edusmart.org,EdTech
DataWave 30,contact@datawave.io,Analytics
HealthPlus 6,info@healthplus.org,Healthcare
HealthPlus 49,info@healthplus.org,Healthcare
RetailHub 6,contact@retailhub.net,Retail
BuildMax 6,contact@buildmax.com,Construction
SaaSMaster 12,contact@saasmaster.io,SaaS
ShopQuick 9,contact@shopquick.com,E-commerce
HealthPlus 21,contact@healthplus.org,Healthcare
TechNova AI 42,info@technovaai.com,Artificial Intelligence
GreenFarm Ltd 18,contact@greenfarm.com,Agriculture
EduSmart 12,info@edusmart.org,EdTech
SaaSMaster 19,contact@saasmaster.io,SaaS
FinSolve 11,contact@finsolve.io,FinTech
EduSmart 10,contact@edusmart.org,EdTech
DataWave 29,info@datawave.io,Analytics
RetailHub 27,contact@retailhub.net,Retail
BuildMax 18,info@buildmax.com,Construction
BuildMax 38,info@buildmax.com,Construction
HealthPlus 16,contact@healthplus.org,Healthcare
FinSolve 35,contact@finsolve.io,FinTech
TechNova AI 3,contact@technovaai.com,Artificial Intelligence
TechNova AI 8,contact@technovaai.com,Artificial Intelligence
TechNova AI 44,contact@technovaai.com,Artificial Intelligence
TechNova AI 11,info@technovaai.com,Artificial Intelligence
ShopQuick 25,contact@shopquick.com,E-commerce
HealthPlus 41,contact@healthplus.org,Healthcare
EduSmart 25,contact@edusmart.org,EdTech
EduSmart 14,info@edusmart.org,EdTech
SaaSMaster 2,info@saasmaster.io,SaaS
BuildMax 2,info@buildmax.com,Construction
SaaSMaster 35,info@saasmaster.io,SaaS
HealthPlus 18,contact@healthplus.org,Healthcare
EduSmart 31,contact@edusmart.org,EdTech
RetailHub 42,contact@retailhub.net,Retail
EduSmart 20,contact@edusmart.org,EdTech
BuildMax 1,info@buildmax.com,Construction
BuildMax 10,contact@buildmax.com,Construction
ShopQuick 31,contact@shopquick.com,E-commerce
HealthPlus 33,contact@healthplus.org,Healthcare
ShopQuick 37,contact@shopquick.com,E-commerce
HealthPlus 30,info@healthplus.org,Healthcare
EduSmart 43,info@edusmart.org,EdTech
EduSmart 21,contact@edusmart.org,EdTech
ShopQuick 50,info@shopquick.com,E-commerce
DataWave 32,contact@datawave.io,Analytics
EduSmart 27,contact@edusmart.org,EdTech
FinSolve 22,contact@finsolve.io,FinTech
HealthPlus 11,info@healthplus.org,Healthcare
TechNova AI 14,contact@technovaai.com,Artificial Intelligence
HealthPlus 38,contact@healthplus.org,Healthcare
HealthPlus 18,contact@healthplus.org,Healthcare
ShopQuick 40,contact@shopquick.com,E-commerce
